{"id":"wireless-224","displayName":"100UE_Attach","lastModified":1708510054,"lastAccessed":1708510054,"tags":{"category":"Full Core"},"type":"wireless","ownerId":"f2d9c545-9323-4f0c-b864-0a9719b05c61","owner":"demo@keysight.com","readonly":false,"configUrl":"http://wireless-data-model.keysight-wap.svc.cluster.local./api/v2/configs/wireless-224","configData":null,"application":"","encodedFiles":true,"linkedResources":[{"rel":"child","type":"child","method":"GET","name":"configUrl","href":"http://wireless-data-model.keysight-wap.svc.cluster.local./api/v2/configs/wireless-224","contentType":"application/json"}],"version":{"dataModelVersion":"N/A","configServiceVersion":"1.0.10836-releaseloadcore42"}}