{"id":"wireless-265","displayName":"100UE_attach","createdOn":1720153027,"lastModified":1720153027,"lastAccessed":1720153027,"tags":{"category":"Full Core"},"type":"wireless","ownerId":"2b3536fc-41ef-4ccd-9cdd-bcb85c13a405","owner":"demo@keysight.com","readonly":false,"configUrl":"http://wireless-data-model.keysight-wap.svc.cluster.local./api/v2/configs/wireless-265","configData":null,"application":"","encodedFiles":true,"linkedResources":[{"rel":"child","type":"child","method":"GET","name":"configUrl","href":"http://wireless-data-model.keysight-wap.svc.cluster.local./api/v2/configs/wireless-265","contentType":"application/json"}],"version":{"dataModelVersion":"N/A","configServiceVersion":"1.0.12920-releaseloadcore43"}}